epoch,accuracy,loss
0,0.5037253499031067,1.3839248418807983
1,0.5541251301765442,1.2530739307403564
2,0.5756350159645081,1.1982073783874512
3,0.5927644371986389,1.157943844795227
